{"name":"HelloIntent","identifier":"BHACINXIBU","description":null,"parentIntentSignature":null,"sampleUtterances":[{"utterance":"Olá"},{"utterance":"Oi"},{"utterance":"Bom dia"},{"utterance":"Boa tarde"},{"utterance":"Salve"},{"utterance":"Tudo bem?"},{"utterance":"Beleza?"},{"utterance":"Preciso de ajuda"},{"utterance":"Quero falar com o bot"},{"utterance":"Bot, me ajude"},{"utterance":"Posso conversar com você, bot?"},{"utterance":"e aí?"},{"utterance":"koé"}],"intentConfirmationSetting":null,"intentClosingSetting":null,"initialResponseSetting":{"conditional":null,"codeHook":{"isActive":true,"enableCodeHookInvocation":true,"invocationLabel":null,"postCodeHookSpecification":{"failureResponse":null,"failureNextStep":{"sessionAttributes":null,"intent":{"name":null,"slots":null},"dialogAction":{"type":"EndConversation","slotToElicit":null,"suppressNextMessage":null}},"failureConditional":null,"successResponse":null,"successNextStep":{"sessionAttributes":null,"intent":{"name":null,"slots":null},"dialogAction":{"type":"EndConversation","slotToElicit":null,"suppressNextMessage":null}},"successConditional":null,"timeoutResponse":null,"timeoutNextStep":{"sessionAttributes":null,"intent":{"name":null,"slots":null},"dialogAction":{"type":"EndConversation","slotToElicit":null,"suppressNextMessage":null}},"timeoutConditional":null}},"nextStep":{"sessionAttributes":null,"intent":{"name":null,"slots":null},"dialogAction":{"type":"InvokeDialogCodeHook","slotToElicit":null,"suppressNextMessage":null}},"initialResponse":{"messageGroupsList":[{"message":{"ssmlMessage":null,"customPayload":null,"plainTextMessage":{"value":"Olá, eu sou o bot de acessibilidade visual! Posso te ajudar de 3 formas: \"Reconhecer objetos e ambientes\", \"Ler textos e documentos\" e \"Dizer o nome de um remédio e suas informações\". Qual delas você quer ajuda?"},"imageResponseCard":null},"variations":null}],"allowInterrupt":true}},"inputContexts":null,"outputContexts":null,"kendraConfiguration":null,"qnAIntentConfiguration":null,"bedrockAgentIntentConfiguration":null,"dialogCodeHook":{"enabled":false},"fulfillmentCodeHook":null,"slotPriorities":[]}