{"name":"LerRemedioEDarInformacoes","identifier":"JXTKUUVMYH","description":null,"parentIntentSignature":null,"sampleUtterances":[{"utterance":"tenho um remédio pra tomar e quero que você leia a bula dele pra mim"},{"utterance":"tenho um dipirona em minhas mãos e preciso que você me diga informações importantes para consumo dele"},{"utterance":"tenho um remédio em minhas mãos e preciso que você me diga informações importantes para consumo dele"},{"utterance":"tenho que tomar um remédio"},{"utterance":"tenho que usar um remédio"},{"utterance":"tenho que tomar um remédio para dor de cabeça"},{"utterance":"tenho que tomar comprimido e quero informaçoes sobre como tomar ele"},{"utterance":"tenho que tomar comprimido"},{"utterance":"quero tomar remedio e preciso das informações dele"},{"utterance":"quero tomar remedio"},{"utterance":"tomar remedio"}],"intentConfirmationSetting":null,"intentClosingSetting":{"isActive":true,"nextStep":{"sessionAttributes":null,"intent":{"name":null,"slots":null},"dialogAction":{"type":"EndConversation","slotToElicit":null,"suppressNextMessage":null}},"closingResponse":{"messageGroupsList":[{"message":{"ssmlMessage":null,"customPayload":null,"plainTextMessage":{"value":"Espero que eu tenha ajudado! Até mais!"},"imageResponseCard":null},"variations":null}],"allowInterrupt":true}},"initialResponseSetting":{"conditional":null,"codeHook":{"isActive":false,"enableCodeHookInvocation":true,"invocationLabel":null,"postCodeHookSpecification":{"failureResponse":null,"failureNextStep":{"sessionAttributes":null,"intent":{"name":null,"slots":null},"dialogAction":{"type":"EndConversation","slotToElicit":null,"suppressNextMessage":null}},"failureConditional":null,"successResponse":null,"successNextStep":{"sessionAttributes":null,"intent":{"name":null,"slots":null},"dialogAction":{"type":"ConfirmIntent","slotToElicit":null,"suppressNextMessage":null}},"successConditional":null,"timeoutResponse":null,"timeoutNextStep":{"sessionAttributes":null,"intent":{"name":null,"slots":null},"dialogAction":{"type":"EndConversation","slotToElicit":null,"suppressNextMessage":null}},"timeoutConditional":null}},"nextStep":{"sessionAttributes":null,"intent":{"name":null,"slots":null},"dialogAction":{"type":"CloseIntent","slotToElicit":null,"suppressNextMessage":null}},"initialResponse":{"messageGroupsList":[{"message":{"ssmlMessage":null,"customPayload":null,"plainTextMessage":{"value":"Vou te dar informações importantes sobre o uso deste medicamento! Só um momento!"},"imageResponseCard":null},"variations":null}],"allowInterrupt":true}},"inputContexts":null,"outputContexts":null,"kendraConfiguration":null,"qnAIntentConfiguration":null,"bedrockAgentIntentConfiguration":null,"dialogCodeHook":{"enabled":true},"fulfillmentCodeHook":null,"slotPriorities":[]}